Experiment_Type,Seed,Best,R0,R1,R2,R3,R4,R5,R6,R7,R8
Supervised Source Only 5-shot S2025,82.625,,,,,,,,,,
Supervised Source Only 5-shot S2026,82.625,,,,,,,,,,
Supervised Source Only 5-shot S2027,82.625,,,,,,,,,,
Supervised Source Only 5-shot S2028,82.625,,,,,,,,,,
Supervised Source Only 5-shot S2029,82.625,,,,,,,,,,
Supervised Source Only 10-shot S2025,82.625,,,,,,,,,,
Supervised Source Only 10-shot S2026,82.625,,,,,,,,,,
Supervised Source Only 10-shot S2027,82.625,,,,,,,,,,
Supervised Source Only 10-shot S2028,82.625,,,,,,,,,,
Supervised Source Only 10-shot S2029,82.625,,,,,,,,,,
Supervised Fine-tune 5-shot S2025,85.3125,,,,,,,,,,
Supervised Fine-tune 5-shot S2026,84.4375,,,,,,,,,,
Supervised Fine-tune 5-shot S2027,85.75,,,,,,,,,,
Supervised Fine-tune 5-shot S2028,85.8125,,,,,,,,,,
Supervised Fine-tune 5-shot S2029,84.125,,,,,,,,,,
Supervised Fine-tune 10-shot S2025,85.9375,,,,,,,,,,
Supervised Fine-tune 10-shot S2026,85.125,,,,,,,,,,
Supervised Fine-tune 10-shot S2027,86.625,,,,,,,,,,
Supervised Fine-tune 10-shot S2028,85.9375,,,,,,,,,,
Supervised Fine-tune 10-shot S2029,85.25,,,,,,,,,,
Supervised Linear Probe 5-shot S2025,86.9375,,,,,,,,,,
Supervised Linear Probe 5-shot S2026,86.5,,,,,,,,,,
Supervised Linear Probe 5-shot S2027,89.375,,,,,,,,,,
Supervised Linear Probe 5-shot S2028,87.0625,,,,,,,,,,
Supervised Linear Probe 5-shot S2029,86.375,,,,,,,,,,
Supervised Linear Probe 10-shot S2025,87.625,,,,,,,,,,
Supervised Linear Probe 10-shot S2026,88.0625,,,,,,,,,,
Supervised Linear Probe 10-shot S2027,89.0,,,,,,,,,,
Supervised Linear Probe 10-shot S2028,87.5,,,,,,,,,,
Supervised Linear Probe 10-shot S2029,88.25,,,,,,,,,,
LFTL wMixup 5shot S2025,91.3125,,,,,,,,,,
LFTL wMixup 5shot S2026,90.625,,,,,,,,,,
LFTL wMixup 5shot S2027,95.9375,,,,,,,,,,
LFTL wMixup 5shot S2028,91.75,,,,,,,,,,
LFTL wMixup 5shot S2029,92.5,,,,,,,,,,
LFTL wMixup 10shot S2025,96.5,,,,,,,,,,
LFTL wMixup 10shot S2026,93.5,,,,,,,,,,
LFTL wMixup 10shot S2027,96.125,,,,,,,,,,
LFTL wMixup 10shot S2028,94.25,,,,,,,,,,
LFTL wMixup 10shot S2029,96.5,,,,,,,,,,
LFTL woMixup 5shot S2025,94.69,,,,,,,,,,
LFTL woMixup 5shot S2026,94.88,,,,,,,,,,
LFTL woMixup 5shot S2027,97.13,,,,,,,,,,
LFTL woMixup 5shot S2028,93.88,,,,,,,,,,
LFTL woMixup 5shot S2029,94.06,,,,,,,,,,
LFTL woMixup 10shot S2025,97.5,,,,,,,,,,
LFTL woMixup 10shot S2026,96.8125,,,,,,,,,,
LFTL woMixup 10shot S2027,97.4375,,,,,,,,,,
LFTL woMixup 10shot S2028,95.875,,,,,,,,,,
LFTL woMixup 10shot S2029,96.75,,,,,,,,,,
NoMixup 5shot S2025,94.69,,,,,,,,,,
NoMixup 5shot S2026,94.88,,,,,,,,,,
NoMixup 5shot S2027,97.13,,,,,,,,,,
NoMixup 5shot S2028,93.88,,,,,,,,,,
NoMixup 5shot S2029,94.06,,,,,,,,,,
NoMixup 10shot S2025,97.5,82.63,97.12,97.5,97.38,96.75,96.62,96.56,97.19,95.81,
NoMixup 10shot S2026,96.8125,82.63,95.5,96.44,95.5,96.81,96.44,95.94,96.25,96.38,
NoMixup 10shot S2027,97.4375,82.63,97.38,97.44,94.56,97.06,94.12,96.12,96.81,95.88,
NoMixup 10shot S2028,95.875,82.63,95.75,94.62,94.69,95.88,95.25,94.5,95.56,95.75,
NoMixup 10shot S2029,96.75,82.63,95.62,95.25,95.81,94.06,96.75,95.94,96.56,95.38,
ModelOnly 5shot S2025,90.5,82.63,89.0,90.44,89.31,86.75,85.19,90.5,89.56,88.12,
ModelOnly 5shot S2026,87.5625,82.63,80.0,87.56,83.38,81.44,84.81,80.56,82.94,81.62,
ModelOnly 5shot S2027,94.125,82.63,94.12,94.12,90.25,90.56,92.0,89.88,91.25,85.44,
ModelOnly 5shot S2028,89.0,82.63,89.0,87.62,87.19,83.81,87.25,85.81,85.12,85.94,
ModelOnly 5shot S2029,88.375,82.63,85.12,88.38,85.44,84.25,85.62,83.31,84.38,83.12,
ModelOnly 10shot S2025,93.625,82.63,93.62,91.12,86.31,90.0,88.56,88.81,87.94,87.69,
ModelOnly 10shot S2026,87.75,82.63,86.31,86.69,77.56,86.06,87.75,85.31,85.56,83.25,
ModelOnly 10shot S2027,91.75,82.63,91.75,81.38,86.88,88.81,84.81,88.62,85.62,87.12,
ModelOnly 10shot S2028,89.3125,82.63,81.94,88.94,89.31,83.25,87.5,86.75,85.88,87.0,
ModelOnly 10shot S2029,91.8125,82.63,91.75,85.62,91.81,90.94,88.62,89.75,87.19,89.0,
ProtoOnly 5shot S2025,91.375,82.63,90.88,90.75,90.62,88.19,87.12,90.31,91.38,90.0,
ProtoOnly 5shot S2026,91.625,82.63,84.44,89.88,86.94,88.0,91.25,89.31,90.0,91.62,
ProtoOnly 5shot S2027,96.125,82.63,96.12,95.0,88.81,89.19,93.75,88.69,92.81,85.69,
ProtoOnly 5shot S2028,92.1875,82.63,92.19,90.56,89.88,88.62,89.56,88.31,88.31,90.94,
ProtoOnly 5shot S2029,89.25,82.63,87.69,89.0,88.25,86.62,87.12,87.25,89.25,87.56,
ProtoOnly 10shot S2025,96.5,82.63,96.5,93.19,89.0,93.38,92.44,92.75,92.75,94.19,
ProtoOnly 10shot S2026,92.5,82.63,89.62,88.06,77.44,89.31,92.5,90.94,91.88,90.88,
ProtoOnly 10shot S2027,95.4375,82.63,95.44,84.81,91.06,93.06,91.62,93.69,94.25,95.31,
ProtoOnly 10shot S2028,95.8125,82.63,83.19,94.75,95.81,93.06,94.06,94.38,93.62,93.88,
ProtoOnly 10shot S2029,95.5625,82.63,95.25,85.81,93.88,94.69,92.56,95.56,91.75,94.12,
UnsupDA CORAL Run0,82.81,,,,,,,,,,
UnsupDA CORAL Run1,82.81,,,,,,,,,,
UnsupDA CORAL Run2,82.81,,,,,,,,,,
UnsupDA CORAL Run3,86.56,,,,,,,,,,
UnsupDA CORAL Run4,87.31,,,,,,,,,,
UnsupDA MMD Run0,82.06,,,,,,,,,,
UnsupDA MMD Run1,82.06,,,,,,,,,,
UnsupDA MMD Run2,82.06,,,,,,,,,,
UnsupDA MMD Run3,87.06,,,,,,,,,,
UnsupDA MMD Run4,87.19,,,,,,,,,,
UnsupDA DANN Run0,76.69,,,,,,,,,,
UnsupDA DANN Run1,81.75,,,,,,,,,,
UnsupDA DANN Run2,81.75,,,,,,,,,,
UnsupDA DANN Run3,81.75,,,,,,,,,,
UnsupDA DANN Run4,81.75,,,,,,,,,,
UnsupDA MIXUP Run0,64.38,,,,,,,,,,
UnsupDA MIXUP Run1,70.19,,,,,,,,,,
UnsupDA MIXUP Run2,70.19,,,,,,,,,,
UnsupDA MIXUP Run3,71.56,,,,,,,,,,
UnsupDA MIXUP Run4,71.56,,,,,,,,,,
